instance,time0[s],time1[s],time2[s],time3[s],time4[s],time5[s],time6[s],time7[s],time8[s],time9[s]
minimax_s13_d2_num10,0.0843899,0.0843904,0.0840176,0.0839162,0.0843765,0.084385,0.0841161,0.0840575,0.0840144,0.0841595
minimax_s13_d2_num82,0.0045842,0.0044617,0.0045123,0.0044773,0.0044848,0.0046339,0.0045073,0.0044881,0.0044713,0.004917
minimax_s13_d3_num62,0.382294,0.37845,0.374073,0.374721,0.374459,0.37456,0.374171,0.374388,0.373941,0.373697
minimax_s13_d3_num94,2.0601,2.05959,2.05848,2.06412,2.06008,2.05972,2.06183,2.0613,2.05985,2.08962
minimax_s7_d2_num80,0.0005362,0.0005139,0.0005132,0.0005134,0.0005128,0.0005121,0.0005122,0.0005131,0.0005113,0.0005123
minimax_s7_d2_num86,0.010469,0.0104312,0.0104663,0.0104428,0.0105542,0.010478,0.0106469,0.0104201,0.0104793,0.0105023
minimax_s7_d3_num17,0.118069,0.118424,0.117886,0.117688,0.117795,0.118121,0.11971,0.118035,0.118195,0.118734
minimax_s7_d3_num34,1.78174,1.77736,1.77825,1.77857,1.77925,1.78024,1.77942,1.78074,1.78251,1.77926
