instance,time0[s],time1[s],time2[s],time3[s],time4[s],time5[s],time6[s],time7[s],time8[s],time9[s]
minimax_s13_d2_num10,0.364542,0.364242,0.365091,0.365004,0.364795,0.364529,0.36435,0.36407,0.364734,0.364061
minimax_s13_d2_num82,0.0209799,0.0208198,0.0207946,0.0207592,0.0207773,0.0207645,0.0208069,0.020997,0.020785,0.0207834
minimax_s13_d3_num62,1.53021,1.53056,1.53025,1.53036,1.52989,1.53125,1.53582,1.54182,1.5306,1.53117
minimax_s13_d3_num94,8.9812,8.97545,8.97809,8.98393,8.97453,8.97642,8.97587,9.00195,8.97914,9.02856
minimax_s7_d2_num80,0.0012062,0.0011926,0.0012246,0.0011877,0.0012222,0.0011878,0.0012023,0.001212,0.0011876,0.0011877
minimax_s7_d2_num86,0.0240602,0.0241542,0.0241381,0.0240936,0.0241321,0.0240602,0.0240698,0.0240398,0.0240383,0.0246149
minimax_s7_d3_num17,0.264241,0.264799,0.263717,0.263761,0.263746,0.263975,0.263442,0.264221,0.26389,0.264437
minimax_s7_d3_num34,3.93268,3.92041,3.93048,3.92014,3.92257,3.94142,3.93569,3.92356,3.9653,3.9632
