instance,time0[s],time1[s],time2[s],time3[s],time4[s],time5[s],time6[s],time7[s],time8[s],time9[s]
minimax_s13_d2_num10,0.0820666,0.0807531,0.0810383,0.0804891,0.0811293,0.0831053,0.080618,0.0806555,0.0800329,0.0799724
minimax_s13_d2_num82,0.0042866,0.0042888,0.0042798,0.0044765,0.0043118,0.0042867,0.0042724,0.0042837,0.0043726,0.0043036
minimax_s13_d3_num62,0.366566,0.360147,0.359702,0.359382,0.360866,0.359332,0.358364,0.360946,0.358389,0.359248
minimax_s13_d3_num94,1.97174,1.97191,1.9698,1.96969,1.96959,1.97133,1.97091,1.97136,1.97215,1.97422
minimax_s7_d2_num80,0.0006031,0.0004911,0.0004896,0.0004892,0.0004892,0.0004876,0.0005171,0.000499,0.0004881,0.0004891
minimax_s7_d2_num86,0.0099319,0.0102861,0.0104222,0.0098814,0.0099984,0.0098649,0.0099026,0.009862,0.0099191,0.00988
minimax_s7_d3_num17,0.11197,0.111448,0.112478,0.112365,0.112475,0.111973,0.112167,0.111939,0.11216,0.11197
minimax_s7_d3_num34,1.70243,1.69961,1.69965,1.71254,1.69954,1.69825,1.69924,1.69852,1.69932,1.69934
