instance,time0[s],time1[s],time2[s],time3[s],time4[s],time5[s],time6[s],time7[s],time8[s],time9[s]
minimax_s13_d2_num10,1.67441,1.66954,1.67039,1.67054,1.67088,1.67046,1.67133,1.66932,1.66971,1.67068
minimax_s13_d2_num82,0.0911137,0.0907043,0.0910655,0.091142,0.0908054,0.090826,0.0911051,0.0908775,0.0909397,0.0908358
minimax_s13_d3_num62,3.93435,3.92725,3.92669,3.9274,3.92929,3.92954,3.927,4.02871,4.06338,3.95339
minimax_s13_d3_num94,22.4491,22.4254,22.3765,22.3975,22.377,22.3762,22.3787,22.38,22.3771,22.3942
minimax_s7_d2_num80,0.0052153,0.0052375,0.0051746,0.0051197,0.0051624,0.005127,0.0051374,0.0051233,0.0051775,0.0051319
minimax_s7_d2_num86,0.0944761,0.0943943,0.094429,0.094532,0.0945534,0.0943554,0.0944266,0.0943068,0.0948485,0.0945356
minimax_s7_d3_num17,0.68928,0.685315,0.68556,0.685651,0.685093,0.686079,0.685291,0.684908,0.684593,0.68467
minimax_s7_d3_num34,22.1693,21.9315,21.9432,22.0054,21.9765,21.9089,21.9182,21.9212,21.9075,21.9354
