,instance,base,node-on-stack,size,depth,num
0,minimax_s13_d2_num10,1.7276200000000002,1.6693200000000001,13,2,10
1,minimax_s13_d2_num82,0.09366089999999999,0.0907043,13,2,82
2,minimax_s13_d3_num62,4.0307900000000005,3.9266900000000002,13,3,62
3,minimax_s13_d3_num94,23.2157,22.3762,13,3,94
4,minimax_s7_d2_num80,0.0055902999999999994,0.0051197,7,2,80
5,minimax_s7_d2_num86,0.102656,0.0943068,7,2,86
6,minimax_s7_d3_num17,0.734236,0.684593,7,3,17
7,minimax_s7_d3_num34,23.3842,21.9075,7,3,34
