instance,time0[s],time1[s],time2[s],time3[s],time4[s],time5[s],time6[s],time7[s],time8[s],time9[s]
minimax_s13_d2_num10,1.73635,1.72762,1.7442,1.73808,1.73014,1.72762,1.73991,1.72779,1.75095,1.72854
minimax_s13_d2_num82,0.0938828,0.0939352,0.0940114,0.0937366,0.0937456,0.0936905,0.0942425,0.0943764,0.0936609,0.0939128
minimax_s13_d3_num62,4.03079,4.03651,4.03305,4.03951,4.03605,4.03268,4.03927,4.03307,4.03382,4.03386
minimax_s13_d3_num94,23.2985,23.2286,23.2693,23.2541,23.2289,23.2675,23.2228,23.3619,23.231,23.2157
minimax_s7_d2_num80,0.0057254,0.005643,0.0056238,0.0057733,0.0055903,0.0056151,0.0056361,0.0056046,0.005602,0.0056318
minimax_s7_d2_num86,0.103223,0.102656,0.102873,0.102746,0.103127,0.102923,0.102701,0.103262,0.103078,0.104302
minimax_s7_d3_num17,0.752693,0.736361,0.735009,0.734689,0.734622,0.734236,0.735343,0.734502,0.734571,0.736882
minimax_s7_d3_num34,23.3954,23.3897,23.389,23.3905,23.7451,23.3967,23.3867,23.4506,23.4044,23.3842
