,instance,bfs-reserve-n,no-copy-graph,iterator-opt,base,size,depth,num
0,minimax_s13_d2_num10,0.0839162,0.09136430000000001,0.364061,1.7276200000000002,13,2,10
1,minimax_s13_d2_num82,0.0044617,0.0050154,0.020759200000000002,0.09366089999999999,13,2,82
2,minimax_s13_d3_num62,0.373697,0.39001199999999997,1.52989,4.0307900000000005,13,3,62
3,minimax_s13_d3_num94,2.05848,2.29314,8.97453,23.2157,13,3,94
4,minimax_s7_d2_num80,0.0005113,0.0005648,0.0011876,0.0055902999999999994,7,2,80
5,minimax_s7_d2_num86,0.010420100000000002,0.011350399999999998,0.0240383,0.102656,7,2,86
6,minimax_s7_d3_num17,0.11768800000000001,0.12850599999999998,0.263442,0.734236,7,3,17
7,minimax_s7_d3_num34,1.7773599999999998,1.9303,3.92014,23.3842,7,3,34
