instance,time0[s],time1[s],time2[s],time3[s],time4[s],time5[s],time6[s],time7[s],time8[s],time9[s]
minimax_s13_d2_num10,0.0729592,0.0727472,0.0727348,0.0726687,0.072711,0.0728524,0.0728538,0.0727476,0.0726949,0.0729893
minimax_s13_d2_num82,0.0039748,0.0039573,0.003913,0.0039261,0.0039335,0.0039137,0.0039306,0.0039107,0.0039273,0.0038966
minimax_s13_d3_num62,0.330983,0.330985,0.331633,0.330766,0.330862,0.331225,0.330595,0.331101,0.331718,0.33092
minimax_s13_d3_num94,1.80523,1.79839,1.80598,1.79813,1.79859,1.79931,1.80024,1.79838,1.79853,1.79916
minimax_s7_d2_num80,0.0004671,0.0004488,0.00049,0.0004469,0.0004813,0.0004432,0.0004542,0.0004764,0.0004563,0.0004418
minimax_s7_d2_num86,0.0089429,0.0090401,0.0089948,0.0089305,0.008949,0.0089311,0.0089228,0.0089574,0.0090208,0.0090064
minimax_s7_d3_num17,0.102691,0.102596,0.102724,0.102569,0.102544,0.102675,0.102804,0.102706,0.105,0.102625
minimax_s7_d3_num34,1.5369,1.53713,1.53843,1.53791,1.54426,1.54109,1.53762,1.53716,1.53883,1.53671
