instance,time0[s],time1[s],time2[s],time3[s],time4[s],time5[s],time6[s],time7[s],time8[s],time9[s]
minimax_s13_d2_num10,0.0719317,0.0718689,0.0717155,0.0716007,0.0716934,0.0716619,0.0721043,0.0720847,0.0716652,0.0718158
minimax_s13_d2_num82,0.0038918,0.003829,0.0040323,0.00384,0.0038277,0.0038527,0.0038965,0.0039128,0.003857,0.0038432
minimax_s13_d3_num62,0.335767,0.329747,0.329732,0.32982,0.329323,0.329256,0.330331,0.329521,0.328727,0.329022
minimax_s13_d3_num94,1.78446,1.77439,1.77402,1.77361,1.77189,1.77594,1.77458,1.77257,1.77412,1.77294
minimax_s7_d2_num80,0.0004537,0.0004743,0.0004424,0.0004411,0.0004409,0.0004586,0.0004401,0.0006112,0.0004417,0.0004575
minimax_s7_d2_num86,0.0088293,0.009115,0.0087938,0.0090946,0.0088692,0.009096,0.0088274,0.008858,0.0087994,0.0087914
minimax_s7_d3_num17,0.101918,0.1017,0.101545,0.101647,0.101998,0.101778,0.101433,0.101341,0.101851,0.102786
minimax_s7_d3_num34,1.53418,1.52243,1.51996,1.51818,1.5218,1.52215,1.52941,1.52103,1.51925,1.5229
