instance,time0[s],time1[s],time2[s],time3[s],time4[s],time5[s],time6[s],time7[s],time8[s],time9[s]
minimax_s13_d2_num10,0.0921473,0.0915457,0.0916587,0.0932212,0.0916394,0.09169,0.091804,0.0918286,0.0921429,0.0913643
minimax_s13_d2_num82,0.0051022,0.0050186,0.0050864,0.0050154,0.0050533,0.0050501,0.0050443,0.0050207,0.0051078,0.0050156
minimax_s13_d3_num62,0.391101,0.390739,0.390342,0.390012,0.391095,0.390125,0.391113,0.390447,0.390194,0.391444
minimax_s13_d3_num94,2.2956,2.2946,2.29314,2.32531,2.29638,2.31904,2.30852,2.29438,2.29449,2.3014
minimax_s7_d2_num80,0.0005983,0.0006006,0.0005827,0.000566,0.0005897,0.000579,0.0005648,0.0005777,0.0005658,0.0005911
minimax_s7_d2_num86,0.0114196,0.0114496,0.0114248,0.0113859,0.0114703,0.0116737,0.0115332,0.011515,0.0113633,0.0113504
minimax_s7_d3_num17,0.128985,0.12857,0.128578,0.129827,0.128897,0.129297,0.128506,0.129786,0.128556,0.128959
minimax_s7_d3_num34,1.9308,1.93312,1.9344,1.93323,1.93221,1.93812,1.93246,1.93425,1.9303,1.93293
